<application>
  <component name="FileTypeManager" version="18">
    <extensionMap>
      <mapping pattern="web模块创建步骤" type="AUTO_DETECTED" />
      <mapping pattern="对多查询" type="AUTO_DETECTED" />
      <mapping ext="space.kts" type="Kotlin" />
      <mapping ext="gradle.kts" type="Kotlin" />
      <mapping ext="main.kts" type="Kotlin" />
      <mapping ext="key" type="PLAIN_TEXT" />
      <mapping ext="ser" type="PLAIN_TEXT" />
      <removed_mapping ext="apk" approved="true" type="ARCHIVE" />
      <removed_mapping ext="psd" approved="true" type="Image" />
    </extensionMap>
  </component>
</application>